/*!40101 SET @OLD_CHARACTER_SET_CLIENT=@@CHARACTER_SET_CLIENT */;
/*!40101 SET NAMES utf8 */;
/*!50503 SET NAMES utf8mb4 */;
/*!40103 SET @OLD_TIME_ZONE=@@TIME_ZONE */;
/*!40103 SET TIME_ZONE='+00:00' */;
/*!40014 SET @OLD_FOREIGN_KEY_CHECKS=@@FOREIGN_KEY_CHECKS, FOREIGN_KEY_CHECKS=0 */;
/*!40101 SET @OLD_SQL_MODE=@@SQL_MODE, SQL_MODE='NO_AUTO_VALUE_ON_ZERO' */;
/*!40111 SET @OLD_SQL_NOTES=@@SQL_NOTES, SQL_NOTES=0 */;

CREATE TABLE IF NOT EXISTS `comment` (
  `id` int NOT NULL AUTO_INCREMENT,
  `content` longtext COLLATE utf8mb4_unicode_ci,
  `createdAt` datetime(3) NOT NULL DEFAULT CURRENT_TIMESTAMP(3),
  `updatedAt` datetime(3) NOT NULL,
  `userId` int NOT NULL,
  `postId` int NOT NULL,
  PRIMARY KEY (`id`),
  KEY `Comment_userId_fkey` (`userId`),
  KEY `Comment_postId_fkey` (`postId`),
  CONSTRAINT `Comment_postId_fkey` FOREIGN KEY (`postId`) REFERENCES `post` (`id`) ON DELETE CASCADE ON UPDATE CASCADE,
  CONSTRAINT `Comment_userId_fkey` FOREIGN KEY (`userId`) REFERENCES `user` (`id`) ON DELETE CASCADE ON UPDATE CASCADE
) ENGINE=InnoDB AUTO_INCREMENT=7 DEFAULT CHARSET=utf8mb4 COLLATE=utf8mb4_unicode_ci;

INSERT INTO `comment` (`id`, `content`, `createdAt`, `updatedAt`, `userId`, `postId`) VALUES
	(1, 'Yayyy', '2024-01-01 19:30:47.588', '2024-01-01 19:30:47.588', 2, 2),
	(2, '😂😂😂😂', '2024-01-01 19:31:11.058', '2024-01-01 19:31:11.058', 2, 2),
	(3, '😘😘😘😘', '2024-01-01 19:36:08.486', '2024-01-01 19:36:08.486', 2, 2),
	(4, '😐\n', '2024-01-01 20:09:16.328', '2024-01-01 20:09:16.328', 2, 2),
	(5, 'yrdrgfdgfdgd', '2024-01-01 20:13:31.169', '2024-01-01 20:13:31.169', 83, 2),
	(6, 'wcxxwccswc', '2024-01-01 20:13:43.879', '2024-01-01 20:13:43.879', 2, 3);

CREATE TABLE IF NOT EXISTS `friends` (
  `id` int NOT NULL AUTO_INCREMENT,
  `user_id` int NOT NULL,
  `friend_id` int NOT NULL,
  `createdAt` datetime(3) NOT NULL DEFAULT CURRENT_TIMESTAMP(3),
  `updatedAt` datetime(3) NOT NULL,
  PRIMARY KEY (`id`),
  UNIQUE KEY `Friends_user_id_friend_id_key` (`user_id`,`friend_id`),
  KEY `Friends_friend_id_fkey` (`friend_id`),
  CONSTRAINT `Friends_friend_id_fkey` FOREIGN KEY (`friend_id`) REFERENCES `user` (`id`) ON DELETE CASCADE ON UPDATE CASCADE,
  CONSTRAINT `Friends_user_id_fkey` FOREIGN KEY (`user_id`) REFERENCES `user` (`id`) ON DELETE CASCADE ON UPDATE CASCADE
) ENGINE=InnoDB AUTO_INCREMENT=5 DEFAULT CHARSET=utf8mb4 COLLATE=utf8mb4_unicode_ci;

INSERT INTO `friends` (`id`, `user_id`, `friend_id`, `createdAt`, `updatedAt`) VALUES
	(2, 3, 2, '2024-01-01 20:42:19.000', '2024-01-01 20:42:20.000'),
	(4, 2, 83, '2024-01-01 20:13:17.872', '2024-01-01 20:13:17.872');

CREATE TABLE IF NOT EXISTS `like` (
  `id` int NOT NULL AUTO_INCREMENT,
  `postId` int NOT NULL,
  `likedById` int NOT NULL,
  `createdAt` datetime(3) NOT NULL DEFAULT CURRENT_TIMESTAMP(3),
  PRIMARY KEY (`id`),
  KEY `postId` (`postId`),
  KEY `likedById` (`likedById`),
  CONSTRAINT `Like_likedById_fkey` FOREIGN KEY (`likedById`) REFERENCES `user` (`id`) ON DELETE CASCADE ON UPDATE CASCADE,
  CONSTRAINT `Like_postId_fkey` FOREIGN KEY (`postId`) REFERENCES `post` (`id`) ON DELETE CASCADE ON UPDATE CASCADE
) ENGINE=InnoDB AUTO_INCREMENT=4 DEFAULT CHARSET=utf8mb4 COLLATE=utf8mb4_unicode_ci;

INSERT INTO `like` (`id`, `postId`, `likedById`, `createdAt`) VALUES
	(2, 2, 2, '2024-01-01 19:20:14.051');

CREATE TABLE IF NOT EXISTS `message` (
  `id` int NOT NULL AUTO_INCREMENT,
  `content` varchar(191) COLLATE utf8mb4_unicode_ci NOT NULL,
  `createdAt` datetime(3) NOT NULL DEFAULT CURRENT_TIMESTAMP(3),
  `viewed` tinyint(1) NOT NULL DEFAULT '0',
  `userId` int NOT NULL,
  `sendTo` int NOT NULL,
  PRIMARY KEY (`id`),
  KEY `Message_userId_fkey` (`userId`),
  KEY `Message_sendTo_fkey` (`sendTo`),
  CONSTRAINT `Message_sendTo_fkey` FOREIGN KEY (`sendTo`) REFERENCES `user` (`id`) ON DELETE CASCADE ON UPDATE CASCADE,
  CONSTRAINT `Message_userId_fkey` FOREIGN KEY (`userId`) REFERENCES `user` (`id`) ON DELETE CASCADE ON UPDATE CASCADE
) ENGINE=InnoDB DEFAULT CHARSET=utf8mb4 COLLATE=utf8mb4_unicode_ci;


CREATE TABLE IF NOT EXISTS `post` (
  `id` int NOT NULL AUTO_INCREMENT,
  `content` varchar(191) COLLATE utf8mb4_unicode_ci NOT NULL,
  `image` varchar(191) COLLATE utf8mb4_unicode_ci DEFAULT NULL,
  `createdAt` datetime(3) NOT NULL DEFAULT CURRENT_TIMESTAMP(3),
  `updatedAt` datetime(3) NOT NULL,
  `userId` int NOT NULL,
  PRIMARY KEY (`id`),
  KEY `userId` (`userId`),
  CONSTRAINT `Post_userId_fkey` FOREIGN KEY (`userId`) REFERENCES `user` (`id`) ON UPDATE CASCADE
) ENGINE=InnoDB AUTO_INCREMENT=5 DEFAULT CHARSET=utf8mb4 COLLATE=utf8mb4_unicode_ci;

INSERT INTO `post` (`id`, `content`, `image`, `createdAt`, `updatedAt`, `userId`) VALUES
	(2, 'First', NULL, '2024-01-01 19:20:12.188', '2024-01-01 19:20:12.188', 2),
	(3, 'tzfdsfdsf', NULL, '2024-01-01 20:13:40.113', '2024-01-01 20:13:40.113', 83),
	(4, 'test', NULL, '2024-01-01 21:22:28.237', '2024-01-01 21:22:28.237', 101);

CREATE TABLE IF NOT EXISTS `refreshtoken` (
  `id` varchar(191) COLLATE utf8mb4_unicode_ci NOT NULL,
  `hashedToken` varchar(191) COLLATE utf8mb4_unicode_ci NOT NULL,
  `userId` int NOT NULL,
  `revoked` tinyint(1) NOT NULL DEFAULT '0',
  `createdAt` datetime(3) NOT NULL DEFAULT CURRENT_TIMESTAMP(3),
  `updatedAt` datetime(3) NOT NULL,
  PRIMARY KEY (`id`),
  UNIQUE KEY `RefreshToken_id_key` (`id`),
  KEY `RefreshToken_userId_fkey` (`userId`),
  CONSTRAINT `RefreshToken_userId_fkey` FOREIGN KEY (`userId`) REFERENCES `user` (`id`) ON DELETE CASCADE ON UPDATE CASCADE
) ENGINE=InnoDB DEFAULT CHARSET=utf8mb4 COLLATE=utf8mb4_unicode_ci;

INSERT INTO `refreshtoken` (`id`, `hashedToken`, `userId`, `revoked`, `createdAt`, `updatedAt`) VALUES
	('08a03358-1da6-40bb-b23b-f6046843b62f', '2b1c02af9d6bbd250919235dcd919410d4ae38b5a84d28fb43cf6d3ff70bf3f67330d29924100ccc2843eba45d76297e552f9fd9556bc8839464c20824256c50', 77, 0, '2024-01-01 20:18:23.579', '2024-01-01 20:18:23.579'),
	('0c1ec5f6-15d7-4133-922a-2c7273c8db8f', '245164edb4bb9f55f4fa6b7340ad1dd94b083291cdb7c26f211a7e13c5284b964c0135d649c84abd41ced653f3aee91bb93b5c2c226b185006290bfc070f17e2', 1, 0, '2024-01-01 18:53:15.194', '2024-01-01 18:53:15.194'),
	('4caf338b-ed97-4912-93f5-3c4dc41c9f65', 'b14189389a4fbdd40055c70d769fe63f472fa8fa2dcb11e6f0ecd4737c8eb1d652e0731ed2764182f814d15a99655efa7803ad694582c34f3083c7c4135dde0d', 83, 0, '2024-01-01 20:09:53.788', '2024-01-01 20:09:53.788'),
	('5462ba77-29f8-4864-ae73-71f76cf27e02', '7fdfaa4ac8aa1e0ddfbd1b5332245d4d0b95d47a89aa30171defcfe5b5dc16427e7b0c0fbc1a33eaa2146024de2e27c39295e01bdac183694b0d3c5be398e001', 77, 0, '2024-01-01 20:44:05.728', '2024-01-01 20:44:05.728'),
	('c5e0b998-3416-44c8-8058-146b253d5b6c', 'c3f432a491322c4827f725c10bd93e5dc7630db5e8eba749caad3018fd7e656cc6d5b189bc6d93056f9bafba69ea3dc65d3df13c2bbabe0e0368fc5c3fb7aa21', 101, 0, '2024-01-01 21:09:13.703', '2024-01-01 21:09:13.703'),
	('da0c7926-0ada-4874-8b39-faa112ee830e', '66bd4ba1ecf9ebe2991001e5fbe0daa916cdbe3e6356a455a92db5a99dba21f4ade1cf0bb781ca872ad4c7d297a2b5339f670e1c911aec5c534707b92e09577f', 2, 0, '2024-01-01 18:54:10.972', '2024-01-01 18:54:10.972');

CREATE TABLE IF NOT EXISTS `request` (
  `id` int NOT NULL AUTO_INCREMENT,
  `createdAt` datetime(3) NOT NULL DEFAULT CURRENT_TIMESTAMP(3),
  `senderId` int NOT NULL,
  `recieverId` int NOT NULL,
  PRIMARY KEY (`id`),
  KEY `Request_senderId_fkey` (`senderId`),
  KEY `Request_recieverId_fkey` (`recieverId`),
  CONSTRAINT `Request_recieverId_fkey` FOREIGN KEY (`recieverId`) REFERENCES `user` (`id`) ON DELETE CASCADE ON UPDATE CASCADE,
  CONSTRAINT `Request_senderId_fkey` FOREIGN KEY (`senderId`) REFERENCES `user` (`id`) ON DELETE CASCADE ON UPDATE CASCADE
) ENGINE=InnoDB AUTO_INCREMENT=47 DEFAULT CHARSET=utf8mb4 COLLATE=utf8mb4_unicode_ci;

INSERT INTO `request` (`id`, `createdAt`, `senderId`, `recieverId`) VALUES
	(12, '2024-01-01 20:07:09.476', 2, 8),
	(13, '2024-01-01 20:07:10.288', 2, 9),
	(14, '2024-01-01 20:07:10.573', 2, 10),
	(15, '2024-01-01 20:07:10.896', 2, 11),
	(16, '2024-01-01 20:07:11.295', 2, 12),
	(17, '2024-01-01 20:07:11.680', 2, 13),
	(18, '2024-01-01 20:07:12.072', 2, 14),
	(19, '2024-01-01 20:07:12.476', 2, 15),
	(23, '2024-01-01 20:26:40.371', 77, 1),
	(24, '2024-01-01 20:26:53.779', 77, 7),
	(25, '2024-01-01 20:26:54.778', 77, 8),
	(26, '2024-01-01 20:26:55.089', 77, 9),
	(27, '2024-01-01 20:26:55.387', 77, 10),
	(28, '2024-01-01 20:26:56.475', 77, 11),
	(29, '2024-01-01 20:26:57.297', 77, 12),
	(30, '2024-01-01 20:26:57.608', 77, 13),
	(31, '2024-01-01 20:26:57.956', 77, 14),
	(32, '2024-01-01 20:26:58.257', 77, 15),
	(33, '2024-01-01 20:26:58.691', 77, 16),
	(34, '2024-01-01 20:26:59.146', 77, 17),
	(35, '2024-01-01 20:26:59.461', 77, 18),
	(36, '2024-01-01 20:26:59.908', 77, 19),
	(37, '2024-01-01 20:27:00.238', 77, 20),
	(38, '2024-01-01 20:27:00.642', 77, 21),
	(39, '2024-01-01 20:27:00.844', 77, 22),
	(43, '2024-01-01 20:41:00.984', 77, 3),
	(44, '2024-01-01 20:41:04.419', 77, 2),
	(46, '2024-01-01 21:17:06.815', 101, 3);

CREATE TABLE IF NOT EXISTS `tag` (
  `id` int NOT NULL AUTO_INCREMENT,
  `name` varchar(191) COLLATE utf8mb4_unicode_ci NOT NULL,
  `userId` int DEFAULT NULL,
  PRIMARY KEY (`id`),
  KEY `Tag_userId_fkey` (`userId`),
  CONSTRAINT `Tag_userId_fkey` FOREIGN KEY (`userId`) REFERENCES `user` (`id`) ON DELETE CASCADE ON UPDATE CASCADE
) ENGINE=InnoDB DEFAULT CHARSET=utf8mb4 COLLATE=utf8mb4_unicode_ci;


CREATE TABLE IF NOT EXISTS `user` (
  `id` int NOT NULL AUTO_INCREMENT,
  `bgImage` varchar(191) COLLATE utf8mb4_unicode_ci DEFAULT NULL,
  `avatar` varchar(191) COLLATE utf8mb4_unicode_ci DEFAULT NULL,
  `firstName` varchar(191) COLLATE utf8mb4_unicode_ci NOT NULL,
  `lastName` varchar(191) COLLATE utf8mb4_unicode_ci NOT NULL,
  `birthday` datetime(3) NOT NULL DEFAULT CURRENT_TIMESTAMP(3),
  `email` varchar(191) COLLATE utf8mb4_unicode_ci NOT NULL,
  `password` varchar(191) COLLATE utf8mb4_unicode_ci NOT NULL,
  `connected` tinyint(1) NOT NULL DEFAULT '0',
  `userFunction` varchar(191) COLLATE utf8mb4_unicode_ci DEFAULT NULL,
  `description` varchar(191) COLLATE utf8mb4_unicode_ci DEFAULT NULL,
  `address` varchar(191) COLLATE utf8mb4_unicode_ci DEFAULT NULL,
  `gender` enum('MALE','FEMALE') COLLATE utf8mb4_unicode_ci NOT NULL DEFAULT 'MALE',
  `country` varchar(191) COLLATE utf8mb4_unicode_ci DEFAULT NULL,
  `phone` varchar(191) COLLATE utf8mb4_unicode_ci DEFAULT NULL,
  `createdAt` datetime(3) NOT NULL DEFAULT CURRENT_TIMESTAMP(3),
  `updatedAt` datetime(3) NOT NULL,
  `url` varchar(191) COLLATE utf8mb4_unicode_ci DEFAULT NULL,
  PRIMARY KEY (`id`),
  UNIQUE KEY `User_email_key` (`email`)
) ENGINE=InnoDB AUTO_INCREMENT=102 DEFAULT CHARSET=utf8mb4 COLLATE=utf8mb4_unicode_ci;

INSERT INTO `user` (`id`, `bgImage`, `avatar`, `firstName`, `lastName`, `birthday`, `email`, `password`, `connected`, `userFunction`, `description`, `address`, `gender`, `country`, `phone`, `createdAt`, `updatedAt`, `url`) VALUES
	(1, 'https://picsum.photos/seed/pqFQSOQu/640/480', 'https://cloudflare-ipfs.com/ipfs/Qmd3W5DuhgHirLHGVixi6V76LhCkZUz6pnFt5AJBiyvHye/avatar/800.jpg', 'Graciela', 'Fritsch', '2024-01-01 18:51:35.432', 'Graciela_Fritsch@hotmail.com', '$2b$12$WuMmMR5G03Er6.3UXv/4mOen/Xh7hCJEMr4iJtNockmsrLiAotrHW', 0, 'Corporate Accounts Associate', 'Quam valens clam nesciunt caries adficio supra absconditus.', '663 Eldon Common', 'FEMALE', 'Northern Mariana Islands', '1-539-480-5725', '2023-01-15 09:59:02.163', '2024-01-01 04:07:57.012', 'graciela-fritsch'),
	(2, 'https://loremflickr.com/640/480?lock=7612252324626432', 'https://avatars.githubusercontent.com/u/55322147', 'Marty', 'Hermiston', '2022-11-29 23:00:00.000', 'Marty50@gmail.com', '$2b$12$7R/rEpZ0YDpeqQBD7Z53Q.k9GQr2L.HLCpH.DrPwNssz1TN.vnz52', 0, 'Senior Accounts Facilitator', 'Tempora aestivus arcesso ventus artificiose crastinus ancilla tenus animadverto', '660 E State Street', 'MALE', 'Syrian Arab Republic', '984.976.2053', '2023-04-24 12:25:41.675', '2024-01-01 19:58:38.916', 'marty-hermiston'),
	(3, 'https://loremflickr.com/640/480?lock=4159600397910016', 'https://avatars.githubusercontent.com/u/83255899', 'Emilia', 'Morissette', '2024-01-01 18:51:35.432', 'Emilia.Morissette72@gmail.com', '$2b$12$jFzXckzzZhb/YJCizD5pKedOXa72gztpC5KNsFVczakl3I41dEGte', 0, 'International Configuration Administrator', 'Stipes atrocitas iure vulariter titulus territo.', '91046 Carroll Turnpike', 'FEMALE', 'Mauritania', '(702) 489-6864 x3751', '2023-05-26 14:22:46.549', '2024-01-01 00:30:18.058', 'emilia-morissette'),
	(4, 'https://loremflickr.com/640/480?lock=6608012850495488', 'https://cloudflare-ipfs.com/ipfs/Qmd3W5DuhgHirLHGVixi6V76LhCkZUz6pnFt5AJBiyvHye/avatar/1169.jpg', 'Jammie', 'Wisoky', '2024-01-01 18:51:35.432', 'Jammie62@gmail.com', '$2b$12$/4nowEpqr3e.M9mOoYCs6.iXYd1aiwhpOSkwfjsFpYB/Lv5SbqzSu', 0, 'Product Division Producer', 'Allatus apud conspergo caput vox umbra verumtamen somnus videlicet.', '160 Noelia Coves', 'MALE', 'Anguilla', '1-386-984-5403 x608', '2023-06-30 06:00:35.589', '2024-01-01 07:54:26.526', 'jammie-wisoky'),
	(5, 'https://picsum.photos/seed/cfKbX1k/640/480', 'https://cloudflare-ipfs.com/ipfs/Qmd3W5DuhgHirLHGVixi6V76LhCkZUz6pnFt5AJBiyvHye/avatar/393.jpg', 'Theo', 'Schmeler', '2024-01-01 18:51:35.432', 'Theo_Schmeler25@gmail.com', '$2b$12$0.H8.MBRbb8/buvY3WdsiOElZ4iiQ6LQZbaTmO7baUa9rlpGx43Km', 0, 'National Branding Assistant', 'Aequitas dicta adfero natus cena caste.', '89480 Armstrong Harbors', 'MALE', 'Namibia', '(532) 746-4103 x73836', '2023-04-01 20:01:33.924', '2023-12-31 22:25:36.816', 'theo-schmeler'),
	(6, 'https://loremflickr.com/640/480?lock=8589417969090560', 'https://cloudflare-ipfs.com/ipfs/Qmd3W5DuhgHirLHGVixi6V76LhCkZUz6pnFt5AJBiyvHye/avatar/70.jpg', 'Alexandro', 'Wunsch', '2024-01-01 18:51:35.432', 'Alexandro.Wunsch@yahoo.com', '$2b$12$8Sumq9bdOrF2LadVfgd63O999Dky3Ihb253tnHmVLK5hWzzzklWj6', 0, 'Investor Identity Associate', 'Absque arto clamo enim via culpo viridis demitto.', '778 Assunta Haven', 'MALE', 'Cambodia', '355.648.3288 x60924', '2023-05-27 19:48:35.596', '2023-12-31 19:03:51.268', 'alexandro-wunsch'),
	(7, 'https://loremflickr.com/640/480?lock=8161312309772288', 'https://cloudflare-ipfs.com/ipfs/Qmd3W5DuhgHirLHGVixi6V76LhCkZUz6pnFt5AJBiyvHye/avatar/40.jpg', 'Eve', 'McKenzie', '2024-01-01 18:51:35.432', 'Eve_McKenzie70@gmail.com', '$2b$12$lFTee5C6Uhw4YpXox4UaEupxl3F6Oaz.NtlQ8beJTFfxjv1lwms0m', 0, 'District Accounts Officer', 'Abbas tergeo quos sto decerno surculus vomica campana cedo.', '950 Luz Parkway', 'FEMALE', 'Mauritania', '815-250-0965', '2023-06-25 09:02:43.021', '2023-12-31 21:17:28.115', 'eve-mckenzie'),
	(8, 'https://picsum.photos/seed/M3SQRuGdaR/640/480', 'https://avatars.githubusercontent.com/u/55758899', 'Woodrow', 'Watsica', '2024-01-01 18:51:35.432', 'Woodrow_Watsica28@yahoo.com', '$2b$12$G5HUUnip7AG8BdaxPWIvIed7OABWy640vUFisbFdxhHeGCNuBfHVa', 0, 'Customer Tactics Manager', 'Accusamus comes constans esse aut bellicus benigne adipiscor coruscus.', '2554 Lavon Flat', 'FEMALE', 'United States of America', '269-986-5596 x25767', '2023-01-28 20:58:34.777', '2024-01-01 05:52:11.310', 'woodrow-watsica'),
	(9, 'https://loremflickr.com/640/480?lock=7543453242097664', 'https://avatars.githubusercontent.com/u/49144906', 'Lillian', 'Kessler', '2024-01-01 18:51:35.432', 'Lillian_Kessler@yahoo.com', '$2b$12$QxLquguvyQXEv9g2Suh5t.PkPYV1IMH3nKzGTncpsoKgy5xLycDL6', 0, 'District Identity Developer', 'Catena chirographum nisi quaerat viridis.', '450 Tanner Islands', 'MALE', 'Slovakia', '1-377-567-7378 x766', '2023-05-02 16:32:16.275', '2024-01-01 17:12:18.462', 'lillian-kessler'),
	(10, 'https://loremflickr.com/640/480?lock=4928244121862144', 'https://avatars.githubusercontent.com/u/18970268', 'Rosie', 'Grant', '2024-01-01 18:51:35.432', 'Rosie_Grant@gmail.com', '$2b$12$DTUFIlKq.WZkkDH63lAJC.0yj.meTTteYozKJ809OEQq/2KpNfyAy', 0, 'International Accountability Developer', 'Astrum correptius aspernatur aequus uredo.', '944 S Chestnut Street', 'MALE', 'Turkmenistan', '243-766-7758 x25735', '2023-07-25 05:29:04.186', '2024-01-01 08:43:42.720', 'rosie-grant'),
	(11, 'https://loremflickr.com/640/480?lock=1024922352615424', 'https://cloudflare-ipfs.com/ipfs/Qmd3W5DuhgHirLHGVixi6V76LhCkZUz6pnFt5AJBiyvHye/avatar/782.jpg', 'Calista', 'Mertz', '2024-01-01 18:51:35.432', 'Calista58@gmail.com', '$2b$12$XLC6/CWad161T9oScpLUbubMKvXQRRU3Jr7gtEZMa3qsFdeWoYpZq', 0, 'Investor Research Agent', 'Calamitas cometes sufficio tabella pecco.', '88880 Alva Fords', 'FEMALE', 'Austria', '943.881.8672 x7142', '2023-09-12 18:02:21.382', '2023-12-31 21:21:29.018', 'calista-mertz'),
	(12, 'https://loremflickr.com/640/480?lock=7891697262395392', 'https://cloudflare-ipfs.com/ipfs/Qmd3W5DuhgHirLHGVixi6V76LhCkZUz6pnFt5AJBiyvHye/avatar/1014.jpg', 'Virgie', 'Greenfelder', '2024-01-01 18:51:35.432', 'Virgie38@yahoo.com', '$2b$12$NNh5XJENFSVnGgCi7CHlReYRYaxlCQ6DKxLxDqWW6DE8fOmswGyPm', 0, 'District Usability Administrator', 'Illum conicio triduana creta contigo creator uxor ea.', '8599 Kozey Ways', 'MALE', 'Falkland Islands (Malvinas)', '263-433-6093 x1766', '2023-11-23 07:58:39.738', '2024-01-01 15:10:05.582', 'virgie-greenfelder'),
	(13, 'https://loremflickr.com/640/480?lock=4373312360677376', 'https://cloudflare-ipfs.com/ipfs/Qmd3W5DuhgHirLHGVixi6V76LhCkZUz6pnFt5AJBiyvHye/avatar/945.jpg', 'Laisha', 'Labadie', '2024-01-01 18:51:35.432', 'Laisha90@gmail.com', '$2b$12$Bc0nar//bFTjUyc/ZvBP4eQPC//kLXgbeQG4TBIjGrkWjMeV3kOsa', 0, 'Direct Accountability Engineer', 'Complectus dolorum ad baiulus.', '16616 Damien Rest', 'MALE', 'French Polynesia', '743.471.6790 x59156', '2023-07-01 20:00:41.782', '2024-01-01 18:18:26.366', 'laisha-labadie'),
	(14, 'https://loremflickr.com/640/480?lock=1424481897676800', 'https://cloudflare-ipfs.com/ipfs/Qmd3W5DuhgHirLHGVixi6V76LhCkZUz6pnFt5AJBiyvHye/avatar/659.jpg', 'Stevie', 'Corwin', '2024-01-01 18:51:35.432', 'Stevie.Corwin19@hotmail.com', '$2b$12$Fwmbfe5RVdb0g3kXjXHN8OXcHBMY/5PY49VAzlvrP18vMECW.2192', 0, 'District Brand Orchestrator', 'Varietas canto acceptus complectus attonbitus.', '619 Sipes Summit', 'MALE', 'Zambia', '(346) 718-1869 x32474', '2023-05-18 02:05:28.956', '2023-12-31 20:22:17.380', 'stevie-corwin'),
	(15, 'https://loremflickr.com/640/480?lock=1266253287129088', 'https://avatars.githubusercontent.com/u/51938253', 'Faustino', 'Ullrich', '2024-01-01 18:51:35.432', 'Faustino0@gmail.com', '$2b$12$us9Troi.HfBNdaTgAt5WoeEEKyhz.pfGbWdrcYI2VEHix6avtdXGW', 0, 'Product Marketing Assistant', 'Arcus thermae adflicto caritas atque vehemens terebro.', '1863 The Paddock', 'MALE', 'Mali', '1-287-277-4830 x22417', '2023-10-19 08:03:21.774', '2024-01-01 04:11:36.696', 'faustino-ullrich'),
	(16, 'https://picsum.photos/seed/Qyx0Q008/640/480', 'https://avatars.githubusercontent.com/u/49237679', 'Esperanza', 'Schultz', '2024-01-01 18:51:35.432', 'Esperanza.Schultz@yahoo.com', '$2b$12$YlIfsAgm3s6nshQ/s/DdWelyr3p3POuqRE.S1O8kq9GQnvJ0nAhZe', 0, 'Corporate Accountability Producer', 'Totus deinde distinctio quam solio supra ara.', '52107 Rasheed Overpass', 'FEMALE', 'Austria', '884-561-3707 x858', '2023-05-09 06:50:38.347', '2024-01-01 10:12:59.293', 'esperanza-schultz'),
	(17, 'https://loremflickr.com/640/480?lock=3904697318506496', 'https://cloudflare-ipfs.com/ipfs/Qmd3W5DuhgHirLHGVixi6V76LhCkZUz6pnFt5AJBiyvHye/avatar/896.jpg', 'Casimer', 'Waters', '2024-01-01 18:51:35.432', 'Casimer.Waters@yahoo.com', '$2b$12$sRTIx79Rjl5uP8EYEsVUXOQwey1Uk8TfFmS5ekY.ld0gIq4qy0Mdm', 0, 'Customer Communications Consultant', 'Dolore crux cura tamisium vorago minima communis vitiosus aveho.', '92023 Runolfsdottir Circle', 'FEMALE', 'Holy See (Vatican City State)', '(553) 746-5565 x48959', '2023-06-27 17:02:09.383', '2024-01-01 17:02:55.641', 'casimer-waters'),
	(18, 'https://loremflickr.com/640/480?lock=898431799263232', 'https://cloudflare-ipfs.com/ipfs/Qmd3W5DuhgHirLHGVixi6V76LhCkZUz6pnFt5AJBiyvHye/avatar/162.jpg', 'Margaret', 'Lang', '2024-01-01 18:51:35.432', 'Margaret57@gmail.com', '$2b$12$JvKm3oPTahw8kB2reIlZruBhpZDJDe0RQiVv4zxjG7agE7rFxE4Du', 0, 'Customer Operations Executive', 'Canonicus vigor voluptates vix certus minima.', '58796 Schulist Plain', 'FEMALE', 'Lithuania', '(708) 992-2223 x087', '2023-11-08 04:25:47.954', '2024-01-01 04:54:42.037', 'margaret-lang'),
	(19, 'https://loremflickr.com/640/480?lock=3310778237059072', 'https://cloudflare-ipfs.com/ipfs/Qmd3W5DuhgHirLHGVixi6V76LhCkZUz6pnFt5AJBiyvHye/avatar/663.jpg', 'Ellen', 'Mosciski', '2024-01-01 18:51:35.432', 'Ellen_Mosciski55@yahoo.com', '$2b$12$DOa8KPB/Bnm2.5fqZzPfSu8FqyWW2.4zfdMFFa.dHQMWtnRbczXAK', 0, 'Legacy Marketing Analyst', 'Constans denique utrum subseco distinctio.', '7118 Rice Greens', 'MALE', 'Cote d\'Ivoire', '1-714-697-8000 x33546', '2023-11-03 03:51:58.612', '2024-01-01 03:01:52.795', 'ellen-mosciski'),
	(20, 'https://picsum.photos/seed/5GE5sl/640/480', 'https://avatars.githubusercontent.com/u/99453817', 'Lynn', 'Halvorson-Streich', '2024-01-01 18:51:35.432', 'Lynn_Halvorson-Streich53@hotmail.com', '$2b$12$KCrn48cYWP48WR/2ZPf7HukJVSShbukG61NuYK7G7hulBQqzm.0U2', 0, 'Regional Creative Director', 'Deludo expedita templum antea uberrime strenuus nesciunt.', '1303 Trace Orchard', 'FEMALE', 'Fiji', '1-924-609-4491 x8929', '2023-03-27 03:31:45.789', '2024-01-01 18:17:42.392', 'lynn-halvorson-streich'),
	(21, 'https://picsum.photos/seed/0WdR7DGoEY/640/480', 'https://cloudflare-ipfs.com/ipfs/Qmd3W5DuhgHirLHGVixi6V76LhCkZUz6pnFt5AJBiyvHye/avatar/577.jpg', 'Alessandra', 'Schmitt', '2024-01-01 18:51:35.432', 'Alessandra99@gmail.com', '$2b$12$kLl7V5AGcreIpfh17izYt.k2A2GxW/CG.49oGm2b3q4pV9AqLafRe', 0, 'Product Security Designer', 'Armarium veritatis cultellus soleo tamisium expedita surgo.', '212 Jacobi Oval', 'MALE', 'Jersey', '763-803-7339', '2023-11-20 20:07:44.345', '2024-01-01 16:21:04.617', 'alessandra-schmitt'),
	(22, 'https://picsum.photos/seed/iYohZFdvag/640/480', 'https://cloudflare-ipfs.com/ipfs/Qmd3W5DuhgHirLHGVixi6V76LhCkZUz6pnFt5AJBiyvHye/avatar/951.jpg', 'Janie', 'Smith', '2024-01-01 18:51:35.432', 'Janie_Smith36@gmail.com', '$2b$12$wpit8JU0clT.OrJX7/SQo.K3/j4I8ds95CRACmRQAkSPHBdJu8Kw.', 0, 'Lead Quality Analyst', 'Caries conscendo expedita illum curia bardus excepturi admitto.', '24770 Audra Run', 'FEMALE', 'Germany', '1-252-772-9570', '2023-01-22 23:16:16.053', '2023-12-31 23:31:54.593', 'janie-smith'),
	(23, 'https://loremflickr.com/640/480?lock=3257521099767808', 'https://avatars.githubusercontent.com/u/64747052', 'Rodrick', 'Kuvalis', '2024-01-01 18:51:35.432', 'Rodrick_Kuvalis42@yahoo.com', '$2b$12$4EL2e0lXWWp8ez2Isu6D3.k6tJDFQpup3j1kVB5bWoY6Uo8Vf/fBG', 0, 'Central Intranet Engineer', 'Soluta asper videlicet.', '678 Highfield Avenue', 'MALE', 'Puerto Rico', '1-606-396-2983 x133', '2023-05-24 17:06:26.620', '2024-01-01 07:12:46.091', 'rodrick-kuvalis'),
	(24, 'https://loremflickr.com/640/480?lock=5910231657742336', 'https://avatars.githubusercontent.com/u/18111049', 'Enid', 'Feil', '2024-01-01 18:51:35.432', 'Enid.Feil@yahoo.com', '$2b$12$64ZChfjZsbw0qdeKjyw0kOIGzBeuellcoo3IWvQ/0LFdD8k69.y3y', 0, 'Regional Security Planner', 'Creta surculus eaque.', '6234 Bogisich Circles', 'FEMALE', 'Cyprus', '1-711-716-9097 x24618', '2023-09-21 08:01:43.474', '2024-01-01 11:49:26.909', 'enid-feil'),
	(25, 'https://picsum.photos/seed/JnucyUBP5u/640/480', 'https://cloudflare-ipfs.com/ipfs/Qmd3W5DuhgHirLHGVixi6V76LhCkZUz6pnFt5AJBiyvHye/avatar/164.jpg', 'Forrest', 'Brakus', '2024-01-01 18:51:35.432', 'Forrest.Brakus@hotmail.com', '$2b$12$QJJ2rFgUDW7nKJh3DPDbtOWJsebkoPNf.sjimu/egGLFlYVWJWGRa', 0, 'Investor Usability Administrator', 'Crux comprehendo aliquam utroque tantum.', '935 Crist Forks', 'MALE', 'Burundi', '1-260-294-8696', '2023-07-19 05:58:25.518', '2024-01-01 16:35:14.579', 'forrest-brakus'),
	(26, 'https://loremflickr.com/640/480?lock=2538825746219008', 'https://avatars.githubusercontent.com/u/88805696', 'Verla', 'Lakin', '2024-01-01 18:51:35.432', 'Verla82@yahoo.com', '$2b$12$AZUTG99HMw4DAE4aZjJAIOV2D73gA3wQ/QoI94keWRkFpEUbQw.Ym', 0, 'Legacy Data Developer', 'Expedita derelinquo patrocinor.', '44321 N Central Avenue', 'MALE', 'Senegal', '850.553.8829', '2023-05-06 12:18:56.916', '2023-12-31 23:45:04.219', 'verla-lakin'),
	(27, 'https://loremflickr.com/640/480?lock=3034397175447552', 'https://cloudflare-ipfs.com/ipfs/Qmd3W5DuhgHirLHGVixi6V76LhCkZUz6pnFt5AJBiyvHye/avatar/752.jpg', 'Shaylee', 'Bernier', '2024-01-01 18:51:35.432', 'Shaylee.Bernier@gmail.com', '$2b$12$XBA8t3/QXZeK8uFsjRX2QuqJtQOzQd9EFgNm8yfaY7ovbz7s/5wBK', 0, 'International Directives Developer', 'Cunae thesaurus avarus.', '1171 Tennyson Road', 'FEMALE', 'Somalia', '(264) 631-3392 x9281', '2023-11-25 15:27:40.641', '2024-01-01 13:29:00.008', 'shaylee-bernier'),
	(28, 'https://loremflickr.com/640/480?lock=6389513683206144', 'https://avatars.githubusercontent.com/u/20651548', 'Lydia', 'Douglas', '2024-01-01 18:51:35.432', 'Lydia82@gmail.com', '$2b$12$4N0ml1lAu.rmNGqJXpIN/uKGNNrnnvJhlrN0nyL0MVowjWOA0Fxdm', 0, 'International Division Liaison', 'Blandior eveniet aeneus arto adipiscor cornu tres suffoco abundans verus.', '3266 Stroman Estate', 'MALE', 'Holy See (Vatican City State)', '256.571.6148', '2023-06-16 20:39:28.713', '2024-01-01 18:21:41.856', 'lydia-douglas'),
	(29, 'https://loremflickr.com/640/480?lock=7800048718970880', 'https://cloudflare-ipfs.com/ipfs/Qmd3W5DuhgHirLHGVixi6V76LhCkZUz6pnFt5AJBiyvHye/avatar/738.jpg', 'Al', 'Kub', '2024-01-01 18:51:35.432', 'Al.Kub16@hotmail.com', '$2b$12$V9d38Gvw0/p/aD9i.yInseQLxfUQkpOZgmldLjlSjzaO4xREHUWxW', 0, 'Product Identity Developer', 'Desolo solvo desolo apto ultio pauci.', '803 Bernier Passage', 'FEMALE', 'Egypt', '965.222.0375 x41718', '2023-10-14 09:56:16.737', '2024-01-01 17:58:00.529', 'al-kub'),
	(30, 'https://picsum.photos/seed/nGyDfJiNrI/640/480', 'https://avatars.githubusercontent.com/u/97764191', 'Clark', 'Spinka', '2024-01-01 18:51:35.432', 'Clark_Spinka@yahoo.com', '$2b$12$2xerUW2/9FJ5jqAEwzJ2HefM7LXHEt4B3nysY62WE8fJWxgV2/2l2', 0, 'Human Infrastructure Orchestrator', 'Saepe capitulus acceptus appello cogito.', '183 Frami Bypass', 'MALE', 'Guinea-Bissau', '510-702-0946 x2002', '2023-11-05 17:16:06.882', '2024-01-01 01:50:24.578', 'clark-spinka'),
	(31, 'https://loremflickr.com/640/480?lock=7517681878040576', 'https://avatars.githubusercontent.com/u/26175556', 'Joany', 'Beier', '2024-01-01 18:51:35.432', 'Joany.Beier12@yahoo.com', '$2b$12$fXWsQ5umqJZLmlrMu5b8n.2IotAFD84LdkCaW0ltzN8FKxpWcd3E6', 0, 'Lead Paradigm Producer', 'Concedo vinculum verumtamen.', '81659 S Church Street', 'MALE', 'Uruguay', '556-727-1610 x7183', '2023-09-01 01:42:45.091', '2024-01-01 07:33:34.821', 'joany-beier'),
	(32, 'https://loremflickr.com/640/480?lock=6710150800867328', 'https://avatars.githubusercontent.com/u/91427797', 'Maurine', 'Runolfsson', '2024-01-01 18:51:35.432', 'Maurine.Runolfsson45@gmail.com', '$2b$12$IjhuY7.4wGhzZR4UPetwPOlpPRacxb8oF0f7h7HgGc97NephSPiEa', 0, 'Forward Division Executive', 'Summopere bestia omnis maxime officia careo sub.', '98347 Oswald River', 'FEMALE', 'Oman', '579-442-4699 x6583', '2023-09-10 10:48:43.477', '2024-01-01 12:03:27.341', 'maurine-runolfsson'),
	(33, 'https://picsum.photos/seed/rK7Xdc6/640/480', 'https://avatars.githubusercontent.com/u/45191576', 'Saige', 'Wiza', '2024-01-01 18:51:35.432', 'Saige93@yahoo.com', '$2b$12$Iru7s82GH42rFhuKRQCJ.uzMPWtSJ/MbsM8dCy7TGvpB9bSzXUE5.', 0, 'Internal Accountability Producer', 'Adulescens caries caste suscipio argentum spargo.', '5973 Seth Views', 'MALE', 'Lebanon', '858-574-7532 x2446', '2023-01-29 17:29:24.568', '2024-01-01 02:07:29.897', 'saige-wiza'),
	(34, 'https://picsum.photos/seed/rb5HPsT/640/480', 'https://avatars.githubusercontent.com/u/98713283', 'Winnifred', 'Batz', '2024-01-01 18:51:35.432', 'Winnifred_Batz1@hotmail.com', '$2b$12$5FL.zmClHIUrJNYhl1a5G./9Tpfs0MiZrHIUnHpH2Vtx.20RxnDzy', 0, 'Chief Creative Analyst', 'Nostrum alienus fuga valde sono.', '678 Corwin Mount', 'MALE', 'South Africa', '554.633.4276 x39636', '2023-03-26 03:30:06.000', '2024-01-01 08:50:40.443', 'winnifred-batz'),
	(35, 'https://loremflickr.com/640/480?lock=6365635139338240', 'https://avatars.githubusercontent.com/u/27433197', 'Sylvan', 'Doyle', '2024-01-01 18:51:35.432', 'Sylvan.Doyle15@hotmail.com', '$2b$12$oelJ87SSDds1GgTRWwvUD..sTsiVeJ6x8gFHqyH54gia9LOebgSxy', 0, 'Legacy Mobility Facilitator', 'Sophismata calculus victus solum.', '2873 Hadley Place', 'MALE', 'South Africa', '608-359-0229 x867', '2023-04-10 21:34:20.371', '2024-01-01 05:34:10.349', 'sylvan-doyle'),
	(36, 'https://picsum.photos/seed/RuWbk/640/480', 'https://avatars.githubusercontent.com/u/38285305', 'Eli', 'Corwin', '2024-01-01 18:51:35.432', 'Eli4@hotmail.com', '$2b$12$XHwIAPDoZdmRroOiDUujaOs7PToe68PiihmHAAVbgHWKPP51uIgqG', 0, 'Direct Web Producer', 'Et possimus vitiosus sonitus speculum sumo.', '81672 Main Avenue', 'MALE', 'Spain', '1-472-488-9920', '2023-08-10 08:32:06.389', '2024-01-01 02:32:30.648', 'eli-corwin'),
	(37, 'https://loremflickr.com/640/480?lock=8626529766473728', 'https://cloudflare-ipfs.com/ipfs/Qmd3W5DuhgHirLHGVixi6V76LhCkZUz6pnFt5AJBiyvHye/avatar/110.jpg', 'Eloise', 'Simonis', '2024-01-01 18:51:35.432', 'Eloise_Simonis63@gmail.com', '$2b$12$d23O6qupsXM6UFzr56PtPuivI3pHFs.hxXEwapNFG6/cYdwUcChlK', 0, 'Central Implementation Engineer', 'Vindico argumentum bene urbanus circumvenio quibusdam aequitas.', '23902 Donnelly Mews', 'FEMALE', 'Uganda', '(797) 519-9109 x424', '2023-06-01 19:57:39.423', '2023-12-31 19:34:33.307', 'eloise-simonis'),
	(38, 'https://loremflickr.com/640/480?lock=5059640177983488', 'https://cloudflare-ipfs.com/ipfs/Qmd3W5DuhgHirLHGVixi6V76LhCkZUz6pnFt5AJBiyvHye/avatar/59.jpg', 'Robyn', 'Christiansen', '2024-01-01 18:51:35.432', 'Robyn.Christiansen@gmail.com', '$2b$12$efOAaZAb2dvLWBI.vmF4XO30tMlkLEaLOXUdi/rSzduBFiRVT2oHG', 0, 'Chief Group Associate', 'Consuasor rem terminatio vomer bestia curto.', '20805 Kris Club', 'MALE', 'Poland', '423.904.5503 x942', '2023-12-22 10:22:06.506', '2024-01-01 13:56:37.980', 'robyn-christiansen'),
	(39, 'https://loremflickr.com/640/480?lock=3896717550288896', 'https://cloudflare-ipfs.com/ipfs/Qmd3W5DuhgHirLHGVixi6V76LhCkZUz6pnFt5AJBiyvHye/avatar/1157.jpg', 'Esther', 'Kuhlman', '2024-01-01 18:51:35.432', 'Esther_Kuhlman47@hotmail.com', '$2b$12$bD7gpa8/VdcXzIMxW.yXYOs2tjVVUzvefY9vwnDlLUmTdZrS5CMY.', 0, 'Central Data Analyst', 'Dens cumque vita.', '24516 Rogahn Forest', 'FEMALE', 'Mexico', '970.645.1094 x1029', '2023-05-18 01:10:39.770', '2024-01-01 10:44:33.638', 'esther-kuhlman'),
	(40, 'https://picsum.photos/seed/LVyUNWv/640/480', 'https://cloudflare-ipfs.com/ipfs/Qmd3W5DuhgHirLHGVixi6V76LhCkZUz6pnFt5AJBiyvHye/avatar/675.jpg', 'Jewel', 'Parisian', '2024-01-01 18:51:35.432', 'Jewel.Parisian@gmail.com', '$2b$12$0IT2hKUsppkYIXspiEWxBeZKpDXKQcTkG5IsofYgliSQedqHUjzFu', 0, 'National Configuration Associate', 'Dens aeneus volaticus tantum amplitudo vir validus.', '3348 Dylan Shore', 'MALE', 'Western Sahara', '(672) 933-5972 x22670', '2023-08-02 17:28:03.337', '2024-01-01 09:34:02.432', 'jewel-parisian'),
	(41, 'https://picsum.photos/seed/nVNKUN7b/640/480', 'https://avatars.githubusercontent.com/u/21842112', 'Dameon', 'Kerluke', '2024-01-01 18:51:35.432', 'Dameon74@yahoo.com', '$2b$12$fjBw5hOtYA0KzmULis3pK.QJ93ZG9qcQp/b2CYaFI9mCVUWcOZzhK', 0, 'Corporate Program Liaison', 'Coadunatio corrigo bis valde aggredior minus conservo provident arto.', '24821 Lowe Ridge', 'MALE', 'Chile', '1-997-803-6138 x8876', '2023-03-31 21:07:11.341', '2024-01-01 07:22:04.867', 'dameon-kerluke'),
	(42, 'https://loremflickr.com/640/480?lock=1579524569432064', 'https://avatars.githubusercontent.com/u/76483571', 'Jeramie', 'Fisher', '2024-01-01 18:51:35.432', 'Jeramie.Fisher@gmail.com', '$2b$12$2saUh0FV94Yu2iKmWJNBC.E4WAFO6k1bQldotQpvmV.Wgw9jbhMii', 0, 'Global Data Administrator', 'Accommodo caveo comparo deinde.', '3791 Alejandrin Groves', 'FEMALE', 'Moldova', '462.372.2580 x30343', '2023-11-10 11:42:13.692', '2024-01-01 04:15:58.935', 'jeramie-fisher'),
	(43, 'https://picsum.photos/seed/wpsLmoMx/640/480', 'https://cloudflare-ipfs.com/ipfs/Qmd3W5DuhgHirLHGVixi6V76LhCkZUz6pnFt5AJBiyvHye/avatar/761.jpg', 'Gertrude', 'Bernhard', '2024-01-01 18:51:35.432', 'Gertrude_Bernhard@yahoo.com', '$2b$12$R61oUxm3vCI3eHwBp6Pk/e4qE3F4dvnVbo17Q7b9JFcN8jrRcW0k2', 0, 'Customer Implementation Agent', 'Perspiciatis tonsor cursus depraedor laboriosam sit patria cervus suasoria.', '785 Birch Grove', 'FEMALE', 'Greenland', '(723) 911-9331 x660', '2023-08-30 23:47:35.393', '2024-01-01 09:43:51.464', 'gertrude-bernhard'),
	(44, 'https://loremflickr.com/640/480?lock=1045141854879744', 'https://avatars.githubusercontent.com/u/30359703', 'Marc', 'Kuhlman', '2024-01-01 18:51:35.432', 'Marc.Kuhlman39@gmail.com', '$2b$12$HkVkVs.y1p0FRo1346ei7e/DkE60x2NWdiiJ449BNvwTE/tiwgh4O', 0, 'Global Configuration Consultant', 'Solum carpo succedo autem virga ipsa contabesco audax carcer.', '384 Alma Street', 'FEMALE', 'Northern Mariana Islands', '1-643-848-7850', '2023-09-03 09:55:59.171', '2024-01-01 15:48:53.503', 'marc-kuhlman'),
	(45, 'https://picsum.photos/seed/vp1hILQj/640/480', 'https://cloudflare-ipfs.com/ipfs/Qmd3W5DuhgHirLHGVixi6V76LhCkZUz6pnFt5AJBiyvHye/avatar/1119.jpg', 'Idell', 'Cronin', '2024-01-01 18:51:35.432', 'Idell55@yahoo.com', '$2b$12$0Eh/LmIa5Fh6gShkqYCRWu6lyF90kIHI/ilXgmgo5BD.8ZIU6AADq', 0, 'National Security Agent', 'Aestivus capto adeo pectus aufero via cerno suadeo enim.', '8914 W 2nd Street', 'MALE', 'Andorra', '(823) 739-2035', '2023-10-02 03:16:34.295', '2023-12-31 23:04:17.192', 'idell-cronin'),
	(46, 'https://loremflickr.com/640/480?lock=8881274032750592', 'https://cloudflare-ipfs.com/ipfs/Qmd3W5DuhgHirLHGVixi6V76LhCkZUz6pnFt5AJBiyvHye/avatar/1075.jpg', 'Maria', 'Mraz', '2024-01-01 18:51:35.432', 'Maria_Mraz@gmail.com', '$2b$12$ijVyUMRn/2L2eHOMFJFf8..clKYd2v8br3ps.GHo91.Cbb80/PbcK', 0, 'Principal Communications Supervisor', 'Illo cresco valeo.', '172 N Washington Street', 'FEMALE', 'Bangladesh', '691.497.4971 x65553', '2023-01-28 08:45:33.790', '2024-01-01 15:54:31.578', 'maria-mraz'),
	(47, 'https://picsum.photos/seed/adIPUU2hbe/640/480', 'https://avatars.githubusercontent.com/u/52647140', 'Novella', 'Bruen', '2024-01-01 18:51:35.432', 'Novella.Bruen40@hotmail.com', '$2b$12$x0hPxCOI9AM9xUclC4rerO/ZE0i2Cdw7/tdcQ2.0bGrGzMulGZjdS', 0, 'Customer Branding Designer', 'Adfero vita vae solium verecundia canis umquam.', '2584 Chapel Close', 'FEMALE', 'Virgin Islands, British', '295.544.2740', '2023-06-08 23:27:00.620', '2024-01-01 14:21:43.408', 'novella-bruen'),
	(48, 'https://loremflickr.com/640/480?lock=3055858359468032', 'https://avatars.githubusercontent.com/u/90070776', 'Yessenia', 'Rosenbaum', '2024-01-01 18:51:35.432', 'Yessenia.Rosenbaum@yahoo.com', '$2b$12$7UgBE5DcOVUf5cekFI.YcuVr24yTspboLN8iErAyWKbGjhvUIJOim', 0, 'Global Security Technician', 'Triumphus depono ultra tripudio quaerat aer assentator appono occaecati.', '554 Hickory Street', 'FEMALE', 'Mauritius', '(642) 555-4188 x9006', '2023-06-02 00:18:01.810', '2024-01-01 12:55:12.850', 'yessenia-rosenbaum'),
	(49, 'https://loremflickr.com/640/480?lock=1196243801866240', 'https://cloudflare-ipfs.com/ipfs/Qmd3W5DuhgHirLHGVixi6V76LhCkZUz6pnFt5AJBiyvHye/avatar/649.jpg', 'Tate', 'Schumm', '2024-01-01 18:51:35.432', 'Tate.Schumm58@yahoo.com', '$2b$12$80oxIIf0z9un1/IjE/MNvu08c/A./1ukEeUTwFjesBYwjYTQBzVvG', 0, 'Forward Web Executive', 'Amaritudo delibero nostrum dicta videlicet.', '75726 William Canyon', 'MALE', 'Lebanon', '(535) 707-5964 x6850', '2023-05-23 19:26:23.548', '2024-01-01 13:46:30.642', 'tate-schumm'),
	(50, 'https://picsum.photos/seed/DRjX8/640/480', 'https://cloudflare-ipfs.com/ipfs/Qmd3W5DuhgHirLHGVixi6V76LhCkZUz6pnFt5AJBiyvHye/avatar/505.jpg', 'Mac', 'Lemke', '2024-01-01 18:51:35.432', 'Mac.Lemke@gmail.com', '$2b$12$aA6hr7o5BjpcHtSTmLIh0u3K0n2rFkJ1nts5cpegCqwtwypvAJWjq', 0, 'Regional Marketing Orchestrator', 'Ulterius tremo suspendo acies acceptus civitas.', '580 Stamm Field', 'FEMALE', 'Norfolk Island', '1-523-946-2292 x1043', '2023-12-07 12:47:36.689', '2023-12-31 22:06:39.446', 'mac-lemke'),
	(51, 'https://picsum.photos/seed/0YfCaKqo/640/480', 'https://cloudflare-ipfs.com/ipfs/Qmd3W5DuhgHirLHGVixi6V76LhCkZUz6pnFt5AJBiyvHye/avatar/786.jpg', 'Darlene', 'Hickle', '2024-01-01 18:52:11.231', 'Darlene73@hotmail.com', '$2b$12$qOgrr7An6F./BFRCyrh9buh3pM0ami4GR4sTMIueJS503GBgSBCAG', 0, 'Corporate Group Strategist', 'Una atqui complectus denuo audio vesper vorago caterva in.', '3945 Abshire Heights', 'FEMALE', 'India', '568.433.5128 x4145', '2023-07-24 05:07:27.701', '2024-01-01 05:26:29.363', 'darlene-hickle'),
	(52, 'https://loremflickr.com/640/480?lock=1831057080975360', 'https://avatars.githubusercontent.com/u/75523645', 'Arnold', 'Keeling', '2024-01-01 18:52:11.231', 'Arnold97@gmail.com', '$2b$12$MHGIkd6NxPC9U5lq/mimDu4O/C5OZ2TvQAzbsxWzeyoD739RNosf.', 0, 'Internal Identity Analyst', 'Degenero sollicito ulciscor abundans iste vapulus.', '1702 Welch Gardens', 'FEMALE', 'Saint Vincent and the Grenadines', '1-548-616-3315 x69223', '2023-07-26 09:23:30.678', '2024-01-01 08:50:28.911', 'arnold-keeling'),
	(53, 'https://picsum.photos/seed/r7Q5s5/640/480', 'https://cloudflare-ipfs.com/ipfs/Qmd3W5DuhgHirLHGVixi6V76LhCkZUz6pnFt5AJBiyvHye/avatar/755.jpg', 'Dave', 'Schinner', '2024-01-01 18:52:11.231', 'Dave5@gmail.com', '$2b$12$vGFID5F/fx6JolzIVqadGOT26RuAl2lA8eDcDOs2bKT9HLUtdXBI2', 0, 'Senior Functionality Coordinator', 'Advenio tondeo averto vaco.', '601 Dietrich Green', 'MALE', 'Ireland', '579.533.0180', '2023-06-14 18:01:09.945', '2023-12-31 20:19:30.563', 'dave-schinner'),
	(54, 'https://loremflickr.com/640/480?lock=6327527131840512', 'https://cloudflare-ipfs.com/ipfs/Qmd3W5DuhgHirLHGVixi6V76LhCkZUz6pnFt5AJBiyvHye/avatar/952.jpg', 'Ervin', 'Fay', '2024-01-01 18:52:11.231', 'Ervin37@hotmail.com', '$2b$12$/aGrvVTkdCIXfHomAfACTOsvDIVQhPRWnFctX5qIEKczcOtvsK9RW', 0, 'Future Functionality Director', 'Civitas testimonium truculenter compello varius confido torrens cattus facilis degero.', '687 Hermann Fork', 'MALE', 'Luxembourg', '572.735.8022 x09953', '2023-04-02 01:53:25.098', '2024-01-01 00:03:43.985', 'ervin-fay'),
	(55, 'https://loremflickr.com/640/480?lock=54126987706368', 'https://avatars.githubusercontent.com/u/62184881', 'Dylan', 'Tillman', '2024-01-01 18:52:11.231', 'Dylan_Tillman@hotmail.com', '$2b$12$bnV.8Nynjb68skzv9Th3GeltHpwR2p9xcaTRHcEMWHUpqWzcXrJgW', 0, 'Dynamic Group Director', 'Conspergo uredo condico crustulum substantia aperte defaeco quia viduo umbra.', '9844 Scot Shoal', 'FEMALE', 'Turkey', '1-414-238-1530 x59943', '2023-11-14 08:51:07.228', '2024-01-01 13:15:14.641', 'dylan-tillman'),
	(56, 'https://loremflickr.com/640/480?lock=8389759118344192', 'https://avatars.githubusercontent.com/u/28445642', 'Armando', 'MacGyver', '2024-01-01 18:52:11.231', 'Armando.MacGyver@yahoo.com', '$2b$12$sYeJmfJfg6SiaZrweHuCBuhMgygAdsmAEUxPi8fCTHSsydo6NdAta', 0, 'Dynamic Communications Agent', 'Vulnero aequitas uter taedium derideo villa atrocitas cultellus aegre antea.', '1020 Grove Street', 'MALE', 'Curacao', '560.817.4247 x3891', '2023-08-23 22:10:05.530', '2024-01-01 17:04:44.305', 'armando-macgyver'),
	(57, 'https://loremflickr.com/640/480?lock=5953452729434112', 'https://avatars.githubusercontent.com/u/52331926', 'Junior', 'Frami', '2024-01-01 18:52:11.231', 'Junior_Frami@gmail.com', '$2b$12$BkBK6yiZDTA3kzcGOmfVxe4jOrjbjTafZ/5I7K8vFf5G6Og3llqQa', 0, 'Lead Data Producer', 'Comedo contra agnitio eius atrocitas velum.', '70450 Laron Way', 'MALE', 'Kazakhstan', '499.733.6060 x84462', '2023-04-09 21:50:49.340', '2024-01-01 13:08:32.582', 'junior-frami'),
	(58, 'https://loremflickr.com/640/480?lock=788085598060544', 'https://avatars.githubusercontent.com/u/143667', 'Domenico', 'Greenfelder', '2024-01-01 18:52:11.231', 'Domenico_Greenfelder@yahoo.com', '$2b$12$OXQSDJtXumSb88m/w7pTfeovT0f0oyIwD64u9owim67bYrcy5Gz.C', 0, 'Internal Mobility Developer', 'Deripio vestigium curia tenuis via canto vox.', '5566 Stevie Key', 'MALE', 'Sao Tome and Principe', '754.316.1245 x457', '2023-03-02 22:02:49.106', '2024-01-01 00:35:22.509', 'domenico-greenfelder'),
	(59, 'https://picsum.photos/seed/1wzq3/640/480', 'https://cloudflare-ipfs.com/ipfs/Qmd3W5DuhgHirLHGVixi6V76LhCkZUz6pnFt5AJBiyvHye/avatar/1084.jpg', 'Soledad', 'Zieme', '2024-01-01 18:52:11.231', 'Soledad.Zieme56@hotmail.com', '$2b$12$hLTKH6BbqfiSch5Lp8Htd.Cp0b2A5LPGFJHkGviFfW0IawbexE/Ci', 0, 'District Operations Designer', 'Terror abstergo stella tot temeritas comitatus video.', '78277 Lakin Hills', 'MALE', 'Niue', '520.215.7827 x259', '2023-03-13 09:20:19.753', '2023-12-31 22:06:33.551', 'soledad-zieme'),
	(60, 'https://picsum.photos/seed/3iy77Ysu/640/480', 'https://cloudflare-ipfs.com/ipfs/Qmd3W5DuhgHirLHGVixi6V76LhCkZUz6pnFt5AJBiyvHye/avatar/542.jpg', 'Michael', 'Wyman', '2024-01-01 18:52:11.231', 'Michael.Wyman@hotmail.com', '$2b$12$JTfHZKCDsqM.RiolF.qM/OLpKooPW66Ts4LMV4qPyJgcIRs4waW5u', 0, 'Direct Optimization Agent', 'Suadeo architecto odit praesentium baiulus volubilis decimus.', '944 South View', 'FEMALE', 'Benin', '1-632-241-4569 x4069', '2023-04-17 03:17:40.918', '2024-01-01 12:11:41.648', 'michael-wyman'),
	(61, 'https://picsum.photos/seed/7K5u1O/640/480', 'https://avatars.githubusercontent.com/u/72800850', 'Giovanni', 'Thompson', '2024-01-01 18:52:11.231', 'Giovanni34@yahoo.com', '$2b$12$HJ0pjjxJ/twtS2G6orGASOpjS27unXurGWY6eMuyrz/X3ajKWfqn2', 0, 'Corporate Mobility Facilitator', 'Bellicus synagoga pectus.', '649 Wilfredo Common', 'MALE', 'Philippines', '(710) 600-2477 x344', '2023-08-07 08:36:50.476', '2024-01-01 13:01:33.902', 'giovanni-thompson'),
	(62, 'https://picsum.photos/seed/mImap5E/640/480', 'https://cloudflare-ipfs.com/ipfs/Qmd3W5DuhgHirLHGVixi6V76LhCkZUz6pnFt5AJBiyvHye/avatar/744.jpg', 'Samson', 'Conroy', '2024-01-01 18:52:11.231', 'Samson_Conroy@gmail.com', '$2b$12$vmtyY/Lc1Vw/ndfPogMuzOHbFbuXcAKbNZix6XAxfYvu7oEUFhMI2', 0, 'Chief Usability Designer', 'Tam astrum ascit calculus aperte enim.', '7970 Woodside Road', 'FEMALE', 'Japan', '(808) 882-5245 x799', '2023-10-29 08:10:27.088', '2024-01-01 10:21:45.685', 'samson-conroy'),
	(63, 'https://picsum.photos/seed/Kf4gI4/640/480', 'https://cloudflare-ipfs.com/ipfs/Qmd3W5DuhgHirLHGVixi6V76LhCkZUz6pnFt5AJBiyvHye/avatar/361.jpg', 'Agustina', 'Witting-Beer', '2024-01-01 18:52:11.231', 'Agustina_Witting-Beer@hotmail.com', '$2b$12$iVvktTF4rNJ9hwukd3F7bO.0V3YB7rgqWtxZ4x8JQvKxxneqNviO6', 0, 'District Directives Analyst', 'Depromo adeptio charisma architecto aegrotatio tenus caste cubo.', '5441 Titus Center', 'MALE', 'Paraguay', '1-574-651-6207', '2023-10-12 11:44:38.509', '2024-01-01 13:16:52.283', 'agustina-witting-beer'),
	(64, 'https://loremflickr.com/640/480?lock=3127392667172864', 'https://cloudflare-ipfs.com/ipfs/Qmd3W5DuhgHirLHGVixi6V76LhCkZUz6pnFt5AJBiyvHye/avatar/885.jpg', 'Aryanna', 'Gutkowski', '2024-01-01 18:52:11.231', 'Aryanna_Gutkowski@hotmail.com', '$2b$12$11xTsRmNhPgS/K3RitZw2OmW8L541w54pSn85V.6RHBFFcipK0NxS', 0, 'Investor Mobility Designer', 'Conitor iste aut.', '401 Jackson Street', 'MALE', 'Panama', '(796) 349-3563', '2023-05-17 03:56:22.012', '2024-01-01 17:50:57.992', 'aryanna-gutkowski'),
	(65, 'https://loremflickr.com/640/480?lock=8542158543912960', 'https://avatars.githubusercontent.com/u/87146369', 'Stacey', 'White', '2024-01-01 18:52:11.231', 'Stacey.White91@gmail.com', '$2b$12$YznU6PbennspriybgHsbg.VKr5kRkIpRdQe5XoQO/cDqFJuXItY86', 0, 'Internal Infrastructure Liaison', 'Spectaculum stabilis ut crebro vallum absorbeo.', '680 Langworth Throughway', 'MALE', 'Greece', '1-553-585-6748 x03777', '2023-12-31 21:45:33.057', '2024-01-01 14:27:45.255', 'stacey-white'),
	(66, 'https://loremflickr.com/640/480?lock=7546668138364928', 'https://avatars.githubusercontent.com/u/53471669', 'Ludie', 'Strosin', '2024-01-01 18:52:11.231', 'Ludie.Strosin@gmail.com', '$2b$12$dhHzuVha1ssWWbDJy32r/.EzokJfGf.AYq9AiKfnLZABNmnP/OvAa', 0, 'District Intranet Technician', 'Desidero curtus voluptatum labore enim demulceo.', '7894 W Market Street', 'MALE', 'Nigeria', '752-767-4288 x313', '2023-03-18 02:05:47.789', '2024-01-01 04:16:08.928', 'ludie-strosin'),
	(67, 'https://loremflickr.com/640/480?lock=7165233911037952', 'https://avatars.githubusercontent.com/u/77816380', 'Henderson', 'Kuphal', '2024-01-01 18:52:11.231', 'Henderson80@yahoo.com', '$2b$12$Sp5M.PvIQIOuEKW5tXGqdOvFYGQg1utGcEhzoAuCEGv0k.Ro4HXKW', 0, 'Dynamic Functionality Architect', 'Cubitum aequitas crastinus deprimo adamo carbo tremo deripio pauper.', '2910 Estel Light', 'MALE', 'Guinea', '661-370-2126 x907', '2023-01-30 09:21:30.122', '2023-12-31 21:44:15.839', 'henderson-kuphal'),
	(68, 'https://loremflickr.com/640/480?lock=7401780207943680', 'https://avatars.githubusercontent.com/u/10154548', 'Carlos', 'Raynor', '2024-01-01 18:52:11.231', 'Carlos_Raynor27@yahoo.com', '$2b$12$8B2AvnA.ZG5FnnX4J.6PR.iaYRI3r.TfK469cKIoqMMQzDDgJnk/O', 0, 'Investor Solutions Orchestrator', 'Compono barba patria corona.', '27265 Izabella Fields', 'FEMALE', 'South Sudan', '437-576-2209 x313', '2023-03-26 02:04:51.240', '2024-01-01 09:35:03.485', 'carlos-raynor'),
	(69, 'https://picsum.photos/seed/cxAPo1F/640/480', 'https://cloudflare-ipfs.com/ipfs/Qmd3W5DuhgHirLHGVixi6V76LhCkZUz6pnFt5AJBiyvHye/avatar/871.jpg', 'Colt', 'Halvorson', '2024-01-01 18:52:11.231', 'Colt_Halvorson@gmail.com', '$2b$12$rhFdb3kZIacxIhLE.MZize/sp2r7mX.BTvfOULCa.8ZxzUFpw/bRm', 0, 'Principal Implementation Architect', 'Vulgaris uter validus cicuta depono terror clamo amissio umerus.', '68331 Manchester Road', 'MALE', 'Palau', '523-795-7810 x33147', '2023-04-21 12:02:13.463', '2024-01-01 05:03:06.420', 'colt-halvorson'),
	(70, 'https://loremflickr.com/640/480?lock=4646816259768320', 'https://avatars.githubusercontent.com/u/18805133', 'Joanne', 'Kunze', '2024-01-01 18:52:11.231', 'Joanne_Kunze94@gmail.com', '$2b$12$i4y1Fy4Qb6OKPT23aGr0weSBQZuWhAbY8OwsQ.tlVOew5woosCz0i', 0, 'Central Configuration Executive', 'Corpus solutio tutamen absum sortitus cilicium.', '2977 Purdy Green', 'MALE', 'Estonia', '635-661-2279', '2023-07-25 16:42:52.020', '2024-01-01 11:14:40.792', 'joanne-kunze'),
	(71, 'https://picsum.photos/seed/030Ult81v/640/480', 'https://cloudflare-ipfs.com/ipfs/Qmd3W5DuhgHirLHGVixi6V76LhCkZUz6pnFt5AJBiyvHye/avatar/1157.jpg', 'Chaz', 'Corwin', '2024-01-01 18:52:11.231', 'Chaz31@hotmail.com', '$2b$12$.1JQKaqWwKqVp73Bj3p2NeJuNIg9VmYr4mr0eZXnbuTZm2uzAe3wK', 0, 'Dynamic Creative Facilitator', 'Crepusculum denuo virga.', '74355 Willms Mill', 'FEMALE', 'Rwanda', '796.577.4236', '2023-06-13 07:44:08.820', '2024-01-01 04:11:51.830', 'chaz-corwin'),
	(72, 'https://picsum.photos/seed/Fry2n7qv5f/640/480', 'https://cloudflare-ipfs.com/ipfs/Qmd3W5DuhgHirLHGVixi6V76LhCkZUz6pnFt5AJBiyvHye/avatar/975.jpg', 'Reba', 'Mayer-Strosin', '2024-01-01 18:52:11.231', 'Reba.Mayer-Strosin@hotmail.com', '$2b$12$i7G5bhhmen3KYKknZq86Fub5aMTyWgjPijT.Svhn4f6FNw1N5qMHe', 0, 'Product Branding Strategist', 'Pauper acceptus eveniet repudiandae repellat surculus mollitia vitae patruus dolorem.', '588 Carmel Ferry', 'FEMALE', 'Puerto Rico', '(437) 793-5198 x158', '2023-09-07 05:45:37.242', '2024-01-01 15:36:46.110', 'reba-mayer-strosin'),
	(73, 'https://loremflickr.com/640/480?lock=1006744392171520', 'https://avatars.githubusercontent.com/u/16795677', 'Sedrick', 'Hahn', '2024-01-01 18:52:11.231', 'Sedrick_Hahn@yahoo.com', '$2b$12$cUv/G./jKNmZYo8ejQIdR.ARlD.wJF7ha03vQQzI2UQjWpq1POkOe', 0, 'Direct Marketing Manager', 'Dicta tenax depopulo certe.', '1711 W 14th Street', 'FEMALE', 'Sao Tome and Principe', '366-546-0654 x733', '2023-06-12 05:20:12.582', '2024-01-01 08:09:42.595', 'sedrick-hahn'),
	(74, 'https://loremflickr.com/640/480?lock=8078606492237824', 'https://avatars.githubusercontent.com/u/62683433', 'Kyler', 'Moore', '2024-01-01 18:52:11.231', 'Kyler_Moore@yahoo.com', '$2b$12$flhbjOsY1ekBG9KI2zlmZueSB5doLhPcWiy22EoQXt28pgP9ckUqm', 0, 'Principal Integration Supervisor', 'Tandem cupressus aggero absens solutio venustas blanditiis speciosus.', '256 Robel Shore', 'FEMALE', 'Virgin Islands, U.S.', '(985) 695-6863 x7953', '2023-05-23 16:13:01.359', '2024-01-01 08:59:54.570', 'kyler-moore'),
	(75, 'https://loremflickr.com/640/480?lock=7204225115226112', 'https://cloudflare-ipfs.com/ipfs/Qmd3W5DuhgHirLHGVixi6V76LhCkZUz6pnFt5AJBiyvHye/avatar/1071.jpg', 'Jan', 'Grant', '2024-01-01 18:52:11.231', 'Jan.Grant@hotmail.com', '$2b$12$yyA7UeT1olRRveLV24GK9.XwJJNszAgdDgIBsDLkE/RBuVw4gGsPC', 0, 'Internal Assurance Specialist', 'Cenaculum illum comitatus consuasor cetera tamquam ademptio sollers odio.', '2226 Reta Road', 'MALE', 'Fiji', '445.802.1650 x1098', '2023-12-06 15:24:22.868', '2024-01-01 18:15:05.920', 'jan-grant'),
	(76, 'https://loremflickr.com/640/480?lock=5916367310028800', 'https://avatars.githubusercontent.com/u/54096622', 'Rick', 'Keebler', '2024-01-01 18:52:11.231', 'Rick_Keebler@hotmail.com', '$2b$12$Fy1X8mzRFtnM/fJVW3KVNuXcO6gQxgSCdsW/UIOGo84D3Jd9nvGQe', 0, 'Lead Marketing Planner', 'Ait curis quam occaecati callide adaugeo aestivus coepi peior.', '5692 Kling Manors', 'FEMALE', 'Belarus', '1-497-460-8000', '2023-11-09 07:38:20.626', '2024-01-01 13:52:27.066', 'rick-keebler'),
	(77, 'upload/c32dd8cf-64f1-4cc5-83ed-741f096e516b-screely-1702032257983.png', 'upload/4cf48e47-ca59-40db-810c-031008aad9f1-628288_avatar_male_man_person_user_icon.png', 'Rubye', 'Brekke', '2024-01-01 18:52:11.231', 'Rubye6@yahoo.com', '$2b$12$Dw4LDmVpcOzIvUVC3SyD6.XKrisgHGQLc1YNMMXmGpXjlW/.umzUC', 0, 'Global Infrastructure Planner', 'Auctor catena aqua ulterius cito aggredior voro acceptus patruus.', '4413 Huel Parks', 'MALE', 'Norway', '(615) 583-4442 x11479', '2023-05-18 19:51:37.533', '2024-01-01 21:07:52.779', 'rubye-brekke'),
	(78, 'https://picsum.photos/seed/7dQ6sjQGAa/640/480', 'https://cloudflare-ipfs.com/ipfs/Qmd3W5DuhgHirLHGVixi6V76LhCkZUz6pnFt5AJBiyvHye/avatar/490.jpg', 'Eileen', 'Boyle', '2024-01-01 18:52:11.231', 'Eileen3@yahoo.com', '$2b$12$DYU5g0FC1lxjPYTqqropaOcPNMKLC3HoU8MXdAS.HItMo/CN5vHaS', 0, 'Central Communications Manager', 'Comes collum atque pectus temptatio sortitus auxilium.', '882 Wintheiser Prairie', 'FEMALE', 'Aland Islands', '(681) 519-3219', '2023-03-23 02:22:00.935', '2024-01-01 17:33:10.059', 'eileen-boyle'),
	(79, 'https://picsum.photos/seed/473shMXWYh/640/480', 'https://avatars.githubusercontent.com/u/8778544', 'Curtis', 'O\'Keefe', '2024-01-01 18:52:11.231', 'Curtis_OKeefe90@hotmail.com', '$2b$12$UneRmjLd8IG9XcFhpGem0uNJAonuQQyV.9sNZh3JALVEnfvB7BFbS', 0, 'Principal Markets Administrator', 'Suppellex suadeo ustilo textilis annus.', '656 Feest Coves', 'FEMALE', 'Uganda', '1-610-539-9904 x841', '2023-02-24 00:15:09.899', '2024-01-01 07:50:24.956', 'curtis-okeefe'),
	(80, 'https://loremflickr.com/640/480?lock=6947676314664960', 'https://cloudflare-ipfs.com/ipfs/Qmd3W5DuhgHirLHGVixi6V76LhCkZUz6pnFt5AJBiyvHye/avatar/353.jpg', 'Harmon', 'Wuckert', '2024-01-01 18:52:11.231', 'Harmon.Wuckert26@gmail.com', '$2b$12$g2JwdCgA0ZnTmMW0aO7L.OsSdFmKbHEre8PkbXNImm0ZDVHNRY8u.', 0, 'International Interactions Producer', 'Decumbo deporto copiose cubo vehemens atrox solium sursum.', '72429 Reichel Burg', 'FEMALE', 'Sao Tome and Principe', '1-513-670-6193 x037', '2023-06-26 08:14:51.384', '2024-01-01 00:53:47.915', 'harmon-wuckert'),
	(81, 'https://loremflickr.com/640/480?lock=6476049732861952', 'https://avatars.githubusercontent.com/u/4885053', 'Jeanne', 'Sanford', '2024-01-01 18:52:11.231', 'Jeanne.Sanford@gmail.com', '$2b$12$fx8AJ5kgSeevdT9JKO9nGu7/ES1zeLl16pKLy3YG39eI/XmE7bS.G', 0, 'Internal Research Administrator', 'Ventito harum capillus somniculosus celo.', '4552 13th Street', 'MALE', 'Chad', '(323) 487-8077 x915', '2023-11-09 23:53:24.444', '2024-01-01 10:50:00.782', 'jeanne-sanford'),
	(82, 'https://loremflickr.com/640/480?lock=881600627736576', 'https://cloudflare-ipfs.com/ipfs/Qmd3W5DuhgHirLHGVixi6V76LhCkZUz6pnFt5AJBiyvHye/avatar/737.jpg', 'Letha', 'Gibson', '2024-01-01 18:52:11.231', 'Letha23@gmail.com', '$2b$12$ksC0ihMn9T2D5fDRFbTinOryiuX6etLe5LIeXs8tT5oGYOY9RIxua', 0, 'Senior Paradigm Designer', 'Concedo argentum crastinus vicinus attonbitus rem suscipio arma.', '4047 Lincoln Street', 'MALE', 'Azerbaijan', '1-424-701-3055 x021', '2023-03-25 03:59:04.065', '2024-01-01 13:27:17.308', 'letha-gibson'),
	(83, 'https://loremflickr.com/640/480?lock=4584992518701056', 'https://avatars.githubusercontent.com/u/24269936', 'Nathen', 'Klocko', '2025-08-20 23:00:00.000', 'Nathen.Klocko@hotmail.com', '$2b$12$RyXcJK5L4EZIuFEw3PI4UeIMp3IXluOXPw7anyQj0YUZW.d2ALqXG', 0, 'Lead Division Developer', 'Curtus ventosus eum rem cruciamentum.😮😮😣😗😗', '157 Carter Light', 'FEMALE', 'Nepal', '737-842-7762 x720', '2023-03-31 00:02:36.413', '2024-01-01 20:14:22.639', 'nathen-klocko'),
	(84, 'https://picsum.photos/seed/bgu126D/640/480', 'https://cloudflare-ipfs.com/ipfs/Qmd3W5DuhgHirLHGVixi6V76LhCkZUz6pnFt5AJBiyvHye/avatar/599.jpg', 'Litzy', 'Ankunding', '2024-01-01 18:52:11.231', 'Litzy48@hotmail.com', '$2b$12$92rSVQjHV0uTdG65VCgv1.qbSk8MlXvlE7N5WwYoUooG2MJoXKTom', 0, 'Regional Applications Engineer', 'Victus teneo vestigium admiratio aureus.', '50943 Addison Lights', 'FEMALE', 'Senegal', '818.938.2873', '2023-12-06 19:43:12.726', '2024-01-01 17:12:44.077', 'litzy-ankunding'),
	(85, 'https://picsum.photos/seed/VaJY9/640/480', 'https://avatars.githubusercontent.com/u/41320620', 'Cassandre', 'Kuvalis', '2024-01-01 18:52:11.231', 'Cassandre_Kuvalis@yahoo.com', '$2b$12$o2Y/hqyNs9fJSyBvq.V8xuTtUEf7KzD63fesXBkCNojzifFRw2tGi', 0, 'Product Paradigm Planner', 'Verbum conatus omnis ager ubi doloremque adopto.', '1217 Logan Extensions', 'MALE', 'Romania', '(670) 282-7641 x4716', '2023-05-28 03:24:00.206', '2024-01-01 12:23:02.268', 'cassandre-kuvalis'),
	(86, 'https://picsum.photos/seed/ng9WsC/640/480', 'https://cloudflare-ipfs.com/ipfs/Qmd3W5DuhgHirLHGVixi6V76LhCkZUz6pnFt5AJBiyvHye/avatar/435.jpg', 'Marge', 'Cole', '2024-01-01 18:52:11.231', 'Marge_Cole75@gmail.com', '$2b$12$2dzmW66lLGWf3buk7aAc0uSCcVtYSUhhoT.cgn8Oazwtgml3mx.Tm', 0, 'Central Division Planner', 'Vel concedo blanditiis surculus eius vesica.', '72297 Ruth Parkway', 'MALE', 'Jordan', '461-522-9266', '2023-05-30 17:45:14.335', '2024-01-01 08:59:19.802', 'marge-cole'),
	(87, 'https://loremflickr.com/640/480?lock=5568914071224320', 'https://cloudflare-ipfs.com/ipfs/Qmd3W5DuhgHirLHGVixi6V76LhCkZUz6pnFt5AJBiyvHye/avatar/887.jpg', 'Maya', 'Ondricka', '2024-01-01 18:52:11.231', 'Maya_Ondricka@hotmail.com', '$2b$12$2AdkeFDEMXaUZkJh1KTItehTEsZK8mL5zljjP51ofYSkfW0LpEkXm', 0, 'Regional Program Executive', 'Bonus volaticus nulla sol soleo cado cui vitium antiquus tersus.', '4347 Louie Hills', 'MALE', 'Tokelau', '936.802.9351 x451', '2023-05-06 23:32:28.231', '2024-01-01 07:25:12.130', 'maya-ondricka'),
	(88, 'https://picsum.photos/seed/4xOa5pwfd/640/480', 'https://cloudflare-ipfs.com/ipfs/Qmd3W5DuhgHirLHGVixi6V76LhCkZUz6pnFt5AJBiyvHye/avatar/872.jpg', 'Drew', 'Haag', '2024-01-01 18:52:11.231', 'Drew.Haag56@hotmail.com', '$2b$12$SCnixqvQIdwHcftP5xBMy.Iq8SjS3PKeQofwZyfBiQ6ZSmtr9qsf6', 0, 'Legacy Paradigm Executive', 'Creta demergo aeternus curtus beatus depraedor acceptus perferendis spes cilicium.', '331 Marlborough Road', 'MALE', 'Cameroon', '1-853-333-3552 x751', '2023-08-11 07:11:58.794', '2024-01-01 03:46:44.510', 'drew-haag'),
	(89, 'https://loremflickr.com/640/480?lock=5366990277443584', 'https://cloudflare-ipfs.com/ipfs/Qmd3W5DuhgHirLHGVixi6V76LhCkZUz6pnFt5AJBiyvHye/avatar/784.jpg', 'Moises', 'Jacobson', '2024-01-01 18:52:11.231', 'Moises46@gmail.com', '$2b$12$59aZ1e3ZvrDov9s/I5wboOtlYyB0mLhixPX/1JxbpHuw.8OCXLDk.', 0, 'District Quality Associate', 'Aperiam chirographum alter unus crepusculum amoveo.', '441 Frontage Road', 'FEMALE', 'Austria', '303.892.1655 x0827', '2023-06-07 10:02:46.993', '2024-01-01 08:59:37.991', 'moises-jacobson'),
	(90, 'https://loremflickr.com/640/480?lock=5668769397473280', 'https://avatars.githubusercontent.com/u/9376144', 'Stefan', 'Dietrich', '2024-01-01 18:52:11.231', 'Stefan.Dietrich@hotmail.com', '$2b$12$/uNRDGFnrwPSfAmHqsXPdulI/ndlmRaXhjAKzgAOrLB806HKmJVJK', 0, 'Customer Quality Officer', 'Vestigium denique averto argumentum vulgo vicissitudo coniecto vir.', '323 Leonie Gardens', 'MALE', 'Pakistan', '674.716.1930 x78444', '2023-05-01 06:57:00.901', '2024-01-01 15:15:57.815', 'stefan-dietrich'),
	(91, 'https://loremflickr.com/640/480?lock=3268187177091072', 'https://avatars.githubusercontent.com/u/79776727', 'Camron', 'Reilly', '2024-01-01 18:52:11.231', 'Camron37@yahoo.com', '$2b$12$BYeCvcLiCmH7Yas1X0YOzeThLjF5R13xlWpODTatVmPiT2ZSyy2dK', 0, 'Corporate Web Administrator', 'Depopulo comes tandem adipiscor sub arma tempus adflicto.', '92109 Deckow Way', 'MALE', 'Sierra Leone', '741-435-3917 x980', '2023-07-30 21:06:51.189', '2023-12-31 19:49:13.997', 'camron-reilly'),
	(92, 'https://picsum.photos/seed/9sGSqF/640/480', 'https://cloudflare-ipfs.com/ipfs/Qmd3W5DuhgHirLHGVixi6V76LhCkZUz6pnFt5AJBiyvHye/avatar/997.jpg', 'Maybelle', 'Glover', '2024-01-01 18:52:11.231', 'Maybelle43@yahoo.com', '$2b$12$goXcd8p4mroNy.wHcg6s3O.03zeZrOZx78ejf9JIUZJn8OK.SP5nW', 0, 'Dynamic Response Liaison', 'Crapula subito paens desolo supra summisse comprehendo voco textor quo.', '69669 Kathleen Mews', 'FEMALE', 'Saint Lucia', '382.482.3793 x429', '2023-01-20 07:36:57.404', '2024-01-01 09:35:13.546', 'maybelle-glover'),
	(93, 'https://picsum.photos/seed/J5MwK/640/480', 'https://cloudflare-ipfs.com/ipfs/Qmd3W5DuhgHirLHGVixi6V76LhCkZUz6pnFt5AJBiyvHye/avatar/297.jpg', 'Gerry', 'Hirthe', '2024-01-01 18:52:11.231', 'Gerry_Hirthe44@gmail.com', '$2b$12$pE3mhW1NHQTAnzr/QUlszOQbOFndh1n4UP9jKahwPZzHpKuYJgzse', 0, 'Regional Program Strategist', 'Dolorem curriculum tolero tepidus cariosus vir.', '40952 Becker Fords', 'MALE', 'Nepal', '1-747-996-9920 x900', '2023-12-14 01:32:48.190', '2024-01-01 12:04:43.338', 'gerry-hirthe'),
	(94, 'https://picsum.photos/seed/ansAzG/640/480', 'https://cloudflare-ipfs.com/ipfs/Qmd3W5DuhgHirLHGVixi6V76LhCkZUz6pnFt5AJBiyvHye/avatar/885.jpg', 'Rasheed', 'Conn', '2024-01-01 18:52:11.231', 'Rasheed.Conn20@gmail.com', '$2b$12$iOMEvu7dc8i2Dcxc81/IReZqEKIX./MuZlXn3JLUWoLSCFMw2/EQe', 0, 'Customer Branding Agent', 'Universe arx cruentus vita tamdiu cognatus.', '1765 Jerde Gardens', 'MALE', 'Saudi Arabia', '285.936.1455 x29031', '2023-05-14 21:43:08.338', '2023-12-31 23:39:30.918', 'rasheed-conn'),
	(95, 'https://picsum.photos/seed/SWIjsWV88R/640/480', 'https://cloudflare-ipfs.com/ipfs/Qmd3W5DuhgHirLHGVixi6V76LhCkZUz6pnFt5AJBiyvHye/avatar/866.jpg', 'Houston', 'Doyle', '2024-01-01 18:52:11.231', 'Houston.Doyle@hotmail.com', '$2b$12$iF6Vv76F65o2Y/kJl4G5W.u.bb9en4jbDhnD9rd91vjwWvBFPt9KS', 0, 'International Assurance Analyst', 'Occaecati cicuta supplanto.', '772 Memorial Drive', 'FEMALE', 'Turks and Caicos Islands', '1-459-327-9352 x09306', '2023-09-26 02:50:04.791', '2024-01-01 10:36:57.639', 'houston-doyle'),
	(96, 'https://loremflickr.com/640/480?lock=4580310645735424', 'https://avatars.githubusercontent.com/u/64784813', 'Hardy', 'Barrows', '2024-01-01 18:52:11.231', 'Hardy_Barrows22@gmail.com', '$2b$12$X2PNVIa6YXKhj1WAHJ8cw.SqBYjdZ1tUz5cdIEnmDf37La8foUd8G', 0, 'Dynamic Program Consultant', 'Coepi creo dolor aperio articulus.', '271 Sabina Rest', 'MALE', 'Samoa', '595-472-3452', '2023-07-17 10:56:26.771', '2023-12-31 21:03:52.959', 'hardy-barrows'),
	(97, 'https://loremflickr.com/640/480?lock=8070563434070016', 'https://avatars.githubusercontent.com/u/57322908', 'Rogelio', 'Flatley', '2024-01-01 18:52:11.231', 'Rogelio_Flatley@yahoo.com', '$2b$12$uGW9UWioqrDFT8ZkKZxoM.0P0O5wWjIwT.9JxRxDjuw3lrDS2G2KW', 0, 'International Division Orchestrator', 'Textus deludo dedecor curso deludo.', '87004 Ferry Squares', 'FEMALE', 'Croatia', '1-622-395-3779 x99606', '2023-07-11 11:59:02.173', '2024-01-01 08:03:58.169', 'rogelio-flatley'),
	(98, 'https://loremflickr.com/640/480?lock=1427031858348032', 'https://cloudflare-ipfs.com/ipfs/Qmd3W5DuhgHirLHGVixi6V76LhCkZUz6pnFt5AJBiyvHye/avatar/467.jpg', 'Rolando', 'Halvorson', '2024-01-01 18:52:11.231', 'Rolando_Halvorson@yahoo.com', '$2b$12$pOzgguPQtojQA1RCjkcql.GApDX.cgHcD27GwI8DcZxkLjLsam2Pa', 0, 'Global Intranet Technician', 'Tibi tenax vitiosus somniculosus bellum acceptus volup vorax.', '26959 Sarina Villages', 'FEMALE', 'Tonga', '(594) 776-6356 x2358', '2023-10-12 07:42:05.692', '2023-12-31 23:40:02.847', 'rolando-halvorson'),
	(99, 'https://picsum.photos/seed/X6jaB/640/480', 'https://avatars.githubusercontent.com/u/20212181', 'Priscilla', 'Heidenreich', '2024-01-01 18:52:11.231', 'Priscilla40@hotmail.com', '$2b$12$hcQEhtvjkJq6Ra.u7ggwNOlLIeaUATtLRi3BftfJTbR3UmTE7eWWq', 0, 'District Integration Technician', 'Aegrotatio vulgus surculus.', '2601 Imani Streets', 'FEMALE', 'Greece', '1-328-726-0573 x0089', '2023-08-09 13:00:10.823', '2023-12-31 22:05:58.329', 'priscilla-heidenreich'),
	(100, 'https://picsum.photos/seed/oe4fZB/640/480', 'https://avatars.githubusercontent.com/u/57751778', 'Keenan', 'Pfannerstill', '2024-01-01 18:52:11.231', 'Keenan97@yahoo.com', '$2b$12$OfIF2CIkOZsTEhmi9soT/u1AY.7lo8Vhn2sjV/ZGPShIVsgN2Ak1i', 0, 'Legacy Implementation Architect', 'Vero velut confero spoliatio villa clarus.', '17160 Nico Ways', 'FEMALE', 'Anguilla', '454.496.1461 x186', '2023-11-28 14:22:00.959', '2024-01-01 02:51:52.975', 'keenan-pfannerstill'),
	(101, '/assets/images/bg/08.jpg', '/assets/images/avatar/male.png', 'Foulen', 'Fouleni', '2024-01-17 23:00:00.000', 'test@test.test', '$2b$12$8V7P6srPj5CK/uURCizS5uFDMiOl3kpiVRX/lGs8SJ6OlygAyig02', 0, 'Test', 'Test', 'Test', 'MALE', 'Test', 'Test', '2024-01-01 21:09:13.686', '2024-01-01 21:09:13.686', 'foulen-fouleni');

CREATE TABLE IF NOT EXISTS `_prisma_migrations` (
  `id` varchar(36) COLLATE utf8mb4_unicode_ci NOT NULL,
  `checksum` varchar(64) COLLATE utf8mb4_unicode_ci NOT NULL,
  `finished_at` datetime(3) DEFAULT NULL,
  `migration_name` varchar(255) COLLATE utf8mb4_unicode_ci NOT NULL,
  `logs` text COLLATE utf8mb4_unicode_ci,
  `rolled_back_at` datetime(3) DEFAULT NULL,
  `started_at` datetime(3) NOT NULL DEFAULT CURRENT_TIMESTAMP(3),
  `applied_steps_count` int unsigned NOT NULL DEFAULT '0',
  PRIMARY KEY (`id`)
) ENGINE=InnoDB DEFAULT CHARSET=utf8mb4 COLLATE=utf8mb4_unicode_ci;

INSERT INTO `_prisma_migrations` (`id`, `checksum`, `finished_at`, `migration_name`, `logs`, `rolled_back_at`, `started_at`, `applied_steps_count`) VALUES
	('108a52f2-572e-4dc0-9f2d-4607147f21d6', 'ff21817b7692abf3b6efd929a4edbf4d9a051e16bc441f093becb81ba78c9474', '2024-01-01 18:51:07.682', '20231231062814_init', NULL, NULL, '2024-01-01 18:51:06.850', 1);

/*!40103 SET TIME_ZONE=IFNULL(@OLD_TIME_ZONE, 'system') */;
/*!40101 SET SQL_MODE=IFNULL(@OLD_SQL_MODE, '') */;
/*!40014 SET FOREIGN_KEY_CHECKS=IFNULL(@OLD_FOREIGN_KEY_CHECKS, 1) */;
/*!40101 SET CHARACTER_SET_CLIENT=@OLD_CHARACTER_SET_CLIENT */;
/*!40111 SET SQL_NOTES=IFNULL(@OLD_SQL_NOTES, 1) */;
